{"cameraMode":{"drawMode":0,"name":"Shaded","section":"Shading Mode"},"sceneLighting":false,"audioPlay":false,"sceneViewState":{"m_AlwaysRefresh":false,"showFog":true,"showSkybox":false,"showFlares":true,"showImageEffects":true,"showParticleSystems":true,"showVisualEffectGraphs":true,"m_FxEnabled":true},"in2DMode":false,"pivot":{"x":4.656612873077393e-10,"y":0.0015156622976064683,"z":-1.6298145055770875e-7},"rotation":{"x":0.14139163494110108,"y":-0.5190569162368774,"z":0.08711176365613938,"w":0.8386989831924439},"size":0.8660253882408142,"orthographic":false}