{"cameraMode":{"drawMode":0,"name":"Shaded","section":"Shading Mode"},"sceneLighting":true,"audioPlay":false,"sceneViewState":{"m_AlwaysRefresh":false,"showFog":true,"showSkybox":true,"showFlares":true,"showImageEffects":true,"showParticleSystems":true,"showVisualEffectGraphs":true,"m_FxEnabled":true},"in2DMode":false,"pivot":{"x":-3.613654136657715,"y":0.7674744129180908,"z":24.317031860351564},"rotation":{"x":-0.13732388615608216,"y":0.16860711574554444,"z":-0.023734617978334428,"w":-0.9758198857307434},"size":8.766008377075196,"orthographic":false}