{"cameraMode":{"drawMode":0,"name":"Shaded","section":"Shading Mode"},"sceneLighting":false,"audioPlay":false,"sceneViewState":{"m_AlwaysRefresh":false,"showFog":true,"showSkybox":false,"showFlares":true,"showImageEffects":true,"showParticleSystems":true,"showVisualEffectGraphs":true,"m_FxEnabled":true},"in2DMode":false,"pivot":{"x":0.12999999523162843,"y":3.609999656677246,"z":7.840000152587891},"rotation":{"x":-0.13430199027061463,"y":0.03873073309659958,"z":-0.0052721211686730389,"w":-0.9901963472366333},"size":0.8660253286361694,"orthographic":false}